method,path,operation_id,http_requests,business_flow_requests,observed_statuses,coverage
GET,/api/v1/health,getHealth,1,0,200,READ_AUTH_VALIDATION
POST,/api/v1/auth/register,register,1,1,201,BUSINESS_FLOW
POST,/api/v1/auth/login,login,5,5,200,BUSINESS_FLOW
POST,/api/v1/auth/refresh,refreshSession,1,1,200,BUSINESS_FLOW
POST,/api/v1/auth/logout,logout,1,1,200,BUSINESS_FLOW
GET,/api/v1/users/me,getMe,5,3,200;401,BUSINESS_FLOW
PATCH,/api/v1/users/me,updateMe,3,1,200;400;401,BUSINESS_FLOW
PUT,/api/v1/users/me/health-profile,updateHealthProfile,3,1,200;400;401,BUSINESS_FLOW
POST,/api/v1/diet-rules/preview,previewDietRules,3,1,200;400;401,BUSINESS_FLOW
PUT,/api/v1/users/me/diet-preferences,saveDietPreferences,3,1,200;400;401,BUSINESS_FLOW
PUT,/api/v1/users/me/diet-schedule,updateDietSchedule,3,1,400;401;409,BUSINESS_FLOW
GET,/api/v1/categories,listPublicCategories,1,0,200,READ_AUTH_VALIDATION
GET,/api/v1/admin/categories,listAdminCategories,3,0,200;401;403,READ_AUTH_VALIDATION
POST,/api/v1/admin/categories,createCategory,5,2,201;400;401;403;409,BUSINESS_FLOW
PATCH,/api/v1/admin/categories/{id},updateCategory,4,1,200;400;401;403,BUSINESS_FLOW
DELETE,/api/v1/admin/categories/{id},archiveCategory,4,1,200;401;403;404,BUSINESS_FLOW
GET,/api/v1/ingredients,listPublicIngredients,1,0,200,READ_AUTH_VALIDATION
GET,/api/v1/ingredients/resolve,resolveIngredient,2,1,200,BUSINESS_FLOW
GET,/api/v1/admin/ingredients,listAdminIngredients,3,0,200;401;403,READ_AUTH_VALIDATION
POST,/api/v1/admin/ingredients,createIngredient,4,1,201;400;401;403,BUSINESS_FLOW
PATCH,/api/v1/admin/ingredients/{id},updateIngredient,4,1,200;401;403;404,BUSINESS_FLOW
DELETE,/api/v1/admin/ingredients/{id},archiveIngredient,4,1,200;401;403;404,BUSINESS_FLOW
POST,/api/v1/admin/ingredients/{id}/aliases,addIngredientAlias,4,1,201;400;401;403,BUSINESS_FLOW
DELETE,/api/v1/admin/ingredients/{id}/aliases/{aliasId},deleteIngredientAlias,4,1,204;401;403;404,BUSINESS_FLOW
GET,/api/v1/posts,listPublishedPosts,2,1,200,BUSINESS_FLOW
POST,/api/v1/posts,createPost,5,3,201;400;401,BUSINESS_FLOW
GET,/api/v1/posts/{id}/related,getRelatedPosts,1,0,404,READ_AUTH_VALIDATION
GET,/api/v1/posts/{idOrSlug},getPost,7,6,200;404,BUSINESS_FLOW
PATCH,/api/v1/posts/{id},updatePost,3,1,200;400;401,BUSINESS_FLOW
DELETE,/api/v1/posts/{id},deletePost,3,1,200;400;401,BUSINESS_FLOW
POST,/api/v1/posts/{id}/submit,submitPostRevision,3,1,200;400;401,BUSINESS_FLOW
GET,/api/v1/posts/{id}/review-history,getPostReviewHistory,3,1,200;401;404,BUSINESS_FLOW
GET,/api/v1/posts/{id}/comments,listPostComments,1,0,404,READ_AUTH_VALIDATION
POST,/api/v1/posts/{id}/comments,createPostComment,3,1,201;400;401,BUSINESS_FLOW
PATCH,/api/v1/comments/{id},updateOwnComment,4,2,200;400;401;403,BUSINESS_FLOW
DELETE,/api/v1/comments/{id},deleteOwnComment,3,1,200;401;404,BUSINESS_FLOW
GET,/api/v1/posts/{id}/community-summary,getPostCommunitySummary,3,2,200;404,BUSINESS_FLOW
PUT,/api/v1/posts/{id}/vote,putPostVote,4,2,200;401;404,BUSINESS_FLOW
DELETE,/api/v1/posts/{id}/vote,deletePostVote,3,1,200;401;404,BUSINESS_FLOW
PUT,/api/v1/posts/{id}/rating,putRecipeRating,3,1,200;400;401,BUSINESS_FLOW
PUT,/api/v1/posts/{id}/bookmark,putPostBookmark,4,2,200;401;404,BUSINESS_FLOW
DELETE,/api/v1/posts/{id}/bookmark,deletePostBookmark,3,1,200;401;404,BUSINESS_FLOW
GET,/api/v1/users/me/bookmarks,listOwnBookmarks,3,1,200;401,BUSINESS_FLOW
POST,/api/v1/contributor-applications,submitContributorApplication,4,2,201;400;401;409,BUSINESS_FLOW
GET,/api/v1/contributor-applications/me,listOwnContributorApplications,2,0,200;401,READ_AUTH_VALIDATION
GET,/api/v1/admin/contributor-applications,listContributorApplicationsAdmin,3,0,200;401;403,READ_AUTH_VALIDATION
POST,/api/v1/admin/contributor-invitations,inviteContributorAdmin,3,0,400;401;403,READ_AUTH_VALIDATION
PATCH,/api/v1/admin/contributor-applications/{id}/review,reviewContributorApplicationAdmin,4,1,200;400;401;403,BUSINESS_FLOW
PATCH,/api/v1/admin/contributors/{userId}/revoke,revokeContributorAdmin,4,1,200;400;401;403,BUSINESS_FLOW
GET,/api/v1/review-queue/posts,listPostReviewQueue,3,0,200;401;403,READ_AUTH_VALIDATION
PATCH,/api/v1/review-queue/posts/{id}/approve,approvePostReview,3,0,400;401;403,READ_AUTH_VALIDATION
PATCH,/api/v1/review-queue/posts/{id}/reject,rejectPostReview,3,0,400;401;403,READ_AUTH_VALIDATION
GET,/api/v1/admin/content-review,listContentReviewAdmin,3,0,200;401;403,READ_AUTH_VALIDATION
GET,/api/v1/admin/content-review/{id},getContentReviewAdmin,3,0,401;403;404,READ_AUTH_VALIDATION
PATCH,/api/v1/admin/content-review/{id},reviewContentAdmin,4,1,200;400;401;403,BUSINESS_FLOW
POST,/api/v1/reports,createModerationReport,3,1,201;400;401,BUSINESS_FLOW
GET,/api/v1/admin/reports,listModerationReportsAdmin,3,0,200;401;403,READ_AUTH_VALIDATION
PATCH,/api/v1/admin/reports/{id}/resolve,resolveModerationReportAdmin,4,1,200;400;401;403,BUSINESS_FLOW
GET,/api/v1/admin/users,listUsersAdmin,4,1,200;401;403,BUSINESS_FLOW
PATCH,/api/v1/admin/users/{id}/status,updateUserStatusAdmin,3,0,400;401;403,READ_AUTH_VALIDATION
GET,/api/v1/admin/comments,listCommentsAdmin,3,0,200;401;403,READ_AUTH_VALIDATION
PATCH,/api/v1/admin/comments/{id}/status,updateCommentStatusAdmin,3,0,400;401;403,READ_AUTH_VALIDATION
POST,/api/v1/behavior-events,createBehaviorEvent,4,2,200;201;400;401,BUSINESS_FLOW
GET,/api/v1/users/me/personalization,getPersonalizationPreference,2,0,200;401,READ_AUTH_VALIDATION
PUT,/api/v1/users/me/personalization,updatePersonalizationPreference,3,1,200;400;401,BUSINESS_FLOW
DELETE,/api/v1/users/me/behavior-history,deleteBehaviorHistory,3,1,200;401,BUSINESS_FLOW
GET,/api/v1/recommendations/home,getHomeRecommendations,3,1,200;401,BUSINESS_FLOW
POST,/api/v1/meal-plans/generate,generateMealPlan,4,2,201;400;401,BUSINESS_FLOW
GET,/api/v1/meal-plans,listMealPlans,2,0,200;401,READ_AUTH_VALIDATION
GET,/api/v1/meal-plans/{id},getMealPlan,3,1,401;404,BUSINESS_FLOW
DELETE,/api/v1/meal-plans/{id},deleteMealPlan,3,1,200;400;401,BUSINESS_FLOW
PATCH,/api/v1/meal-plans/{id}/items/{itemId}/swap,swapMealPlanItem,4,2,200;400;401;409,BUSINESS_FLOW
PATCH,/api/v1/meal-plans/{id}/items/{itemId}/manual-add,manualAddMealPlanItem,3,1,200;400;401,BUSINESS_FLOW
POST,/api/v1/meal-plans/{id}/analyze,analyzeMealPlan,3,1,201;400;401,BUSINESS_FLOW
GET,/api/v1/meal-plans/{id}/analysis,getCurrentMealAnalysis,3,1,200;401;404,BUSINESS_FLOW
POST,/api/v1/meal-programs,createMealProgram,3,1,201;400;401,BUSINESS_FLOW
GET,/api/v1/meal-programs,listMealPrograms,2,0,200;401,READ_AUTH_VALIDATION
GET,/api/v1/meal-programs/{id},getMealProgram,3,1,401;404,BUSINESS_FLOW
PATCH,/api/v1/meal-programs/{id},mutateMealProgram,3,1,200;400;401,BUSINESS_FLOW
POST,/api/v1/chat/sessions,createChatSession,2,1,201,BUSINESS_FLOW
GET,/api/v1/chat/sessions,listChatSessions,2,0,200;401,READ_AUTH_VALIDATION
GET,/api/v1/chat/sessions/{id}/messages,listChatMessages,3,2,200;404,BUSINESS_FLOW
POST,/api/v1/chat/sessions/{id}/messages,streamChatMessage,2,1,200;400,BUSINESS_FLOW
POST,/api/v1/chat/messages/{id}/feedback,upsertChatFeedback,2,1,200;400,BUSINESS_FLOW
GET,/api/v1/food-data/ingredients/{ingredientId}/nutrients,getIngredientNutrients,1,0,200,READ_AUTH_VALIDATION
GET,/api/v1/food-data/reference-intakes,listNutrientReferenceIntakes,1,0,200,READ_AUTH_VALIDATION
GET,/api/v1/food-data/ingredient-guidelines,listIngredientGuidelines,1,0,200,READ_AUTH_VALIDATION
GET,/api/v1/food-data/cooking-methods,listCookingMethods,1,0,200,READ_AUTH_VALIDATION
GET,/api/v1/food-data/interaction-rules,listIngredientInteractionRules,1,0,200,READ_AUTH_VALIDATION
GET,/api/v1/admin/food-data/records,listAdminFoodDataRecords,3,0,200;401;403,READ_AUTH_VALIDATION
POST,/api/v1/admin/food-data/records,createAdminFoodDataRecord,4,1,201;400;401;403,BUSINESS_FLOW
PUT,/api/v1/admin/food-data/records/{id},replaceAdminFoodDataRecord,4,1,200;400;401;403,BUSINESS_FLOW
DELETE,/api/v1/admin/food-data/records/{id},archiveAdminFoodDataRecord,4,1,200;400;401;403,BUSINESS_FLOW
POST,/api/v1/admin/food-data/imports/preview,previewFoodDataImport,4,1,200;400;401;403,BUSINESS_FLOW
POST,/api/v1/admin/food-data/imports,commitFoodDataImport,5,2,201;400;401;403,BUSINESS_FLOW
POST,/api/v1/posts/{id}/nutrition/preview,previewRecipeNutrition,2,1,200;404,BUSINESS_FLOW
POST,/api/v1/posts/{id}/nutrition/recalculate,recalculateRecipeNutrition,4,2,201;401;403,BUSINESS_FLOW
GET,/api/v1/posts/{id}/nutrition/current,getCurrentRecipeNutrition,3,2,200;404,BUSINESS_FLOW
GET,/api/v1/posts/{id}/nutrition/history,listRecipeNutritionHistory,2,1,200;404,BUSINESS_FLOW
GET,/api/v1/posts/{id}/nutrition/status,getRecipeNutritionStatus,2,1,200;404,BUSINESS_FLOW
GET,/api/v1/storage/me,getMyStorageUsage,5,3,200;401,BUSINESS_FLOW
POST,/api/v1/uploads/reservations,createUploadReservation,4,2,201;400;401,BUSINESS_FLOW
POST,/api/v1/uploads/reservations/{id}/commit,commitUploadReservation,2,0,400;401,READ_AUTH_VALIDATION
DELETE,/api/v1/uploads/reservations/{id},releaseUploadReservation,4,2,200;401;404,BUSINESS_FLOW
DELETE,/api/v1/storage/assets/{id},deleteStorageAsset,2,0,400;401,READ_AUTH_VALIDATION
GET,/api/v1/admin/storage/accounts,listStorageAccounts,3,0,200;401;403,READ_AUTH_VALIDATION
GET,/api/v1/admin/storage/policies,listStoragePolicies,4,1,200;401;403,BUSINESS_FLOW
PATCH,/api/v1/admin/storage/policies/{id},updateStoragePolicy,4,1,200;400;401;403,BUSINESS_FLOW
POST,/api/v1/admin/storage/accounts/{userId}/adjustments,createStorageAdjustment,5,2,201;400;401;403,BUSINESS_FLOW
GET,/api/v1/admin/storage/adjustments,listStorageAdjustments,3,0,200;401;403,READ_AUTH_VALIDATION
GET,/api/v1/custom-meals,listCustomMeals,3,1,200;401,BUSINESS_FLOW
POST,/api/v1/custom-meals,createCustomMeal,3,1,201;400;401,BUSINESS_FLOW
GET,/api/v1/custom-meals/{id},getCustomMeal,3,1,401;404,BUSINESS_FLOW
PATCH,/api/v1/custom-meals/{id},updateCustomMeal,4,2,200;401;404,BUSINESS_FLOW
DELETE,/api/v1/custom-meals/{id},deleteCustomMeal,4,2,204;401;404;409,BUSINESS_FLOW
POST,/api/v1/custom-meals/{id}/photos,attachCustomMealPhoto,2,0,400;401,READ_AUTH_VALIDATION
DELETE,/api/v1/custom-meals/{id}/photos/{assetId},removeCustomMealPhoto,2,0,401;404,READ_AUTH_VALIDATION
PUT,/api/v1/custom-meals/{id}/photos/order,reorderCustomMealPhotos,2,0,400;401,READ_AUTH_VALIDATION
GET,/api/v1/pantry/items,listPantryItems,2,0,200;401,READ_AUTH_VALIDATION
POST,/api/v1/pantry/items,createPantryItem,5,3,201;400;401,BUSINESS_FLOW
GET,/api/v1/pantry/items/expiring-soon,listExpiringPantryItems,3,1,200;401,BUSINESS_FLOW
POST,/api/v1/pantry/merge-preview,previewPantryMerge,3,1,200;400;401,BUSINESS_FLOW
POST,/api/v1/pantry/merge,mergePantryItems,3,1,200;400;401,BUSINESS_FLOW
GET,/api/v1/pantry/items/{id},getPantryItem,7,3,200;401;404,BUSINESS_FLOW
PATCH,/api/v1/pantry/items/{id},updatePantryItem,3,1,400;401;409,BUSINESS_FLOW
DELETE,/api/v1/pantry/items/{id},deletePantryItem,3,1,204;400;401,BUSINESS_FLOW
GET,/api/v1/pantry/items/{id}/adjustments,listPantryAdjustments,3,1,200;401;404,BUSINESS_FLOW
POST,/api/v1/pantry/items/{id}/adjustments,adjustPantryItem,5,3,200;400;401;409,BUSINESS_FLOW
POST,/api/v1/ingredient-recognition/jobs,createIngredientRecognitionJob,5,3,202;400;401,BUSINESS_FLOW
GET,/api/v1/ingredient-recognition/jobs/{id},getIngredientRecognitionJob,5,3,200;401;404,BUSINESS_FLOW
PATCH,/api/v1/ingredient-recognition/jobs/{id}/candidates/{candidateId},updateIngredientRecognitionCandidate,3,1,200;400;401,BUSINESS_FLOW
POST,/api/v1/ingredient-recognition/jobs/{id}/confirm,confirmIngredientRecognitionJob,4,2,200;400;401,BUSINESS_FLOW
POST,/api/v1/ingredient-recognition/jobs/{id}/cancel,cancelIngredientRecognitionJob,3,1,200;401;404,BUSINESS_FLOW
POST,/api/v1/ingredient-recognition/jobs/{id}/retry,retryIngredientRecognitionJob,2,0,400;401,READ_AUTH_VALIDATION
POST,/api/v1/receipt-jobs,createReceiptJob,5,3,202;400;401,BUSINESS_FLOW
GET,/api/v1/receipt-jobs/{id},getReceiptJob,5,3,200;401;404,BUSINESS_FLOW
PATCH,/api/v1/receipt-jobs/{id}/candidates/{candidateId},updateReceiptCandidate,3,1,200;400;401,BUSINESS_FLOW
POST,/api/v1/receipt-jobs/{id}/confirm,confirmReceiptJob,4,2,200;400;401,BUSINESS_FLOW
POST,/api/v1/receipt-jobs/{id}/cancel,cancelReceiptJob,3,1,200;401;404,BUSINESS_FLOW
POST,/api/v1/receipt-jobs/{id}/retry,retryReceiptJob,2,0,400;401,READ_AUTH_VALIDATION
POST,/api/v1/shopping-lists/preview,previewShoppingGaps,3,1,200;400;401,BUSINESS_FLOW
POST,/api/v1/ai-artifacts,createAiArtifact,3,1,201;400;401,BUSINESS_FLOW
PATCH,/api/v1/ai-artifacts/{id}/visibility,updateAiArtifactVisibility,3,1,200;400;401,BUSINESS_FLOW
POST,/api/v1/ai-artifacts/{id}/submit,submitAiArtifact,3,1,200;400;401,BUSINESS_FLOW
GET,/api/v1/ai-artifacts/public,listPublicAiArtifacts,1,0,200,READ_AUTH_VALIDATION
POST,/api/v1/ai-artifacts/{id}/verifications,createAiVerification,4,2,201;401;403,BUSINESS_FLOW
PATCH,/api/v1/admin/ai-verifications/{id},adminUpdateAiVerification,4,1,200;400;401;403,BUSINESS_FLOW
GET,/api/v1/restaurants/nearby,nearbyRestaurants,5,4,200;400;403,BUSINESS_FLOW
GET,/api/v1/restaurants/search,searchRestaurants,1,0,200,READ_AUTH_VALIDATION
GET,/api/v1/restaurants/mine,myRestaurantSubmissions,3,1,200;401,BUSINESS_FLOW
GET,/api/v1/restaurants/{id},getRestaurant,12,7,200;400;401;403;404,BUSINESS_FLOW
POST,/api/v1/restaurants,submitRestaurant,4,2,201;400;401;409,BUSINESS_FLOW
GET,/api/v1/location/geocode,geocodeAddress,1,0,200,READ_AUTH_VALIDATION
GET,/api/v1/admin/restaurants,listAdminRestaurants,3,0,200;401;403,READ_AUTH_VALIDATION
GET,/api/v1/admin/restaurants/{id}/history,restaurantHistory,4,1,200;401;403;404,BUSINESS_FLOW
PATCH,/api/v1/admin/restaurants/{id}/review,reviewRestaurant,5,2,200;400;401;403;409,BUSINESS_FLOW
PATCH,/api/v1/admin/restaurants/{id},editRestaurant,4,1,200;400;401;403,BUSINESS_FLOW
GET,/api/v1/notifications,listNotifications,3,1,200;401,BUSINESS_FLOW
GET,/api/v1/notifications/unread-count,countUnreadNotifications,3,1,200;401,BUSINESS_FLOW
PATCH,/api/v1/notifications/read-all,markAllNotificationsRead,3,1,200;401,BUSINESS_FLOW
PATCH,/api/v1/notifications/{id}/read,markNotificationRead,3,1,200;401;404,BUSINESS_FLOW
GET,/api/v1/admin/ai/requests,listAiGovernanceRequests,3,0,200;401;403,READ_AUTH_VALIDATION
GET,/api/v1/admin/ai/metrics,getAiGovernanceMetrics,3,0,200;401;403,READ_AUTH_VALIDATION
GET,/api/v1/admin/ai/flags,listAiGovernanceFlags,3,0,200;401;403,READ_AUTH_VALIDATION
GET,/api/v1/admin/ai/features,listAiGovernanceFeatures,4,1,200;401;403,BUSINESS_FLOW
GET,/api/v1/admin/ai/features/audit,listAiGovernanceControlAudit,3,0,200;401;403,READ_AUTH_VALIDATION
PATCH,/api/v1/admin/ai/features/{feature},setAiGovernanceFeature,5,2,200;400;401;403,BUSINESS_FLOW
GET,/api/v1/admin/ai/health,getAiGovernanceHealth,3,0,200;401;403,READ_AUTH_VALIDATION
